MarketplaceId,MarketplaceName,TehsilId,TehsilName,MarketplaceStatus
36866,Patharpunj,299,Patan,Approved
36867,Pathavade,299,Patan,Approved
36868,Pawarwadi,299,Patan,Approved
36869,Pethshivapur,299,Patan,Approved
36870,Pimpalgaon,299,Patan,Approved
36871,Pimpaloshi,299,Patan,Approved
36872,Potekarwadi,299,Patan,Approved
36873,Punvali,299,Patan,Approved
36874,Rahude,299,Patan,Approved
36875,Ramishtewadi,299,Patan,Approved
36876,Rasati,299,Patan,Approved
36877,Retharekarwadi,299,Patan,Approved
36878,Risawad,299,Patan,Approved
36879,Ruvale,299,Patan,Approved
36880,Sabalewadi,299,Patan,Approved
36881,Sadawaghapur,299,Patan,Approved
36882,Saikade,299,Patan,Approved
36883,Sakhari,299,Patan,Approved
36884,Salave,299,Patan,Approved
36885,Saltewadi,299,Patan,Approved
36886,Sanbur,299,Patan,Approved
36887,Sangwad,299,Patan,Approved
36888,Satar,299,Patan,Approved
36889,Sawarghar,299,Patan,Approved
36890,Shedgewadi,299,Patan,Approved
36891,Shendevadi,299,Patan,Approved
36892,Shibewadi (Kumbhargaon),299,Patan,Approved
36893,Shidrukwadi,299,Patan,Approved
36894,Shindewadi,299,Patan,Approved
36895,Shinganwadi,299,Patan,Approved
36896,Shiral,299,Patan,Approved
36897,Shitapwadi,299,Patan,Approved
36898,Shivandeshwar,299,Patan,Approved
36899,Siddheshwar Nagar,299,Patan,Approved
36900,Sonaichiwadi,299,Patan,Approved
36901,Sonavade,299,Patan,Approved
36902,Subhashnagar,299,Patan,Approved
36903,Sulewadi,299,Patan,Approved
36904,Supugadewadi,299,Patan,Approved
36905,Surul,299,Patan,Approved
36906,Sutarwadi,299,Patan,Approved
36907,Taliye,299,Patan,Approved
36908,Tamine,299,Patan,Approved
36909,Tamkade,299,Patan,Approved
36910,Tamkane,299,Patan,Approved
36911,Tarale,299,Patan,Approved
36912,Taygadewadi,299,Patan,Approved
36913,Telewadi,299,Patan,Approved
36914,Tetamewadi,299,Patan,Approved
36915,Thankal,299,Patan,Approved
36916,Thomase,299,Patan,Approved
36917,Tolewadi,299,Patan,Approved
36918,Tondoshi,299,Patan,Approved
36919,Torane,299,Patan,Approved
36920,Tripudi,299,Patan,Approved
36921,Tupewadi,299,Patan,Approved
36922,Udhavane,299,Patan,Approved
36923,Umarkanchan,299,Patan,Approved
36924,Urul,299,Patan,Approved
36925,Vadi Kotawade,299,Patan,Approved
36926,Vaichalwadi,299,Patan,Approved
36927,Vajegaon,299,Patan,Approved
36928,Vajegaon (Marul Patan),299,Patan,Approved
36929,Vajroshi,299,Patan,Approved
36930,Van,299,Patan,Approved
36931,Vanzole,299,Patan,Approved
36932,Varekarwadi,299,Patan,Approved
36933,Vatole,299,Patan,Approved
36934,Vekhandwadi,299,Patan,Approved
36935,Vetalwadi,299,Patan,Approved
36936,Vihe,299,Patan,Approved
36937,Virewadi,299,Patan,Approved
36938,Waghane,299,Patan,Approved
36939,Waghjaewadi,299,Patan,Approved
36940,Wazoli,299,Patan,Approved
36941,Yelewadi,299,Patan,Approved
36942,Yerad,299,Patan,Approved
36943,Yeradwadi,299,Patan,Approved
36944,Yerphale,299,Patan,Approved
36945,Zadoli,299,Patan,Approved
36946,Zakade,299,Patan,Approved
61859,Satara ,299,Patan,Unapproved
36947,Adarki Bk.,300,Phaltan,Approved
36948,Adarki Kh.,300,Phaltan,Approved
36949,Alagudewadi,300,Phaltan,Approved
36950,Aljapur,300,Phaltan,Approved
36951,Andrud,300,Phaltan,Approved
36952,Aradgaon,300,Phaltan,Approved
36953,Asu,300,Phaltan,Approved
36954,Barad,300,Phaltan,Approved
36955,Bhadali Bk.,300,Phaltan,Approved
36956,Bhadali Kh.,300,Phaltan,Approved
36957,Bhavaninagar Rajuri,300,Phaltan,Approved
36958,Bhilkatti,300,Phaltan,Approved
36959,Bibi,300,Phaltan,Approved
36960,Bodkewadi,300,Phaltan,Approved
36961,Chambharwadi,300,Phaltan,Approved
36962,Chaudharwadi,300,Phaltan,Approved
36963,Chavhanwadi,300,Phaltan,Approved
36964,Dalvadi,300,Phaltan,Approved
36965,Daryachiwadi,300,Phaltan,Approved
36966,Dattanagar Kuravali Bk.,300,Phaltan,Approved
36967,Dhaval,300,Phaltan,Approved
36968,Dhavalewadi (Asu),300,Phaltan,Approved
36969,Dhavalewadi (Ni),300,Phaltan,Approved
36970,Dhuldev,300,Phaltan,Approved
36971,Dhumalwadi,300,Phaltan,Approved
36972,Dombalwadi,300,Phaltan,Approved
36973,Dudhebavi,300,Phaltan,Approved
36974,Fadatarwadi,300,Phaltan,Approved
36975,Farandwadi,300,Phaltan,Approved
36976,Ghadgemala,300,Phaltan,Approved
36977,Ghadgewadi,300,Phaltan,Approved
36978,Girvi,300,Phaltan,Approved
36979,Gokhali,300,Phaltan,Approved
36980,Golegaon Punarvasit,300,Phaltan,Approved
36981,Golewadi Punarvasit,300,Phaltan,Approved
36982,Gunware,300,Phaltan,Approved
36983,Hanmantwadi,300,Phaltan,Approved
36984,Hingangaon,300,Phaltan,Approved
36985,Hol,300,Phaltan,Approved
36986,Jadhavnagar,300,Phaltan,Approved
36987,Jadhavwadi,300,Phaltan,Approved
36988,Jadhavwadi (Asu ),300,Phaltan,Approved
36989,Jaoli,300,Phaltan,Approved
36990,Jinti,300,Phaltan,Approved
36991,Jor Punarvasit,300,Phaltan,Approved
36992,Kalaj,300,Phaltan,Approved
36993,Kambleshwar,300,Phaltan,Approved
36994,Kapadgaon,300,Phaltan,Approved
36995,Kapashi,300,Phaltan,Approved
36996,Kashiwadi,300,Phaltan,Approved
36997,Khadaki,300,Phaltan,Approved
36998,Khamgaon,300,Phaltan,Approved
36999,Kharadewadi,300,Phaltan,Approved
37000,Khatkewasti,300,Phaltan,Approved
37001,Khunte,300,Phaltan,Approved
37002,Kolaki,300,Phaltan,Approved
37003,Koparde,300,Phaltan,Approved
37004,Koregaon,300,Phaltan,Approved
37005,Korhale,300,Phaltan,Approved
37006,Kurvali Bk.,300,Phaltan,Approved
37007,Kurvali Kh.,300,Phaltan,Approved
37008,Kusur,300,Phaltan,Approved
37009,Malewadi,300,Phaltan,Approved
37010,Malvadi,300,Phaltan,Approved
37011,Mandavkhadak,300,Phaltan,Approved
37012,Manewadi,300,Phaltan,Approved
37013,Mathachiwadi,300,Phaltan,Approved
37014,Mazeri (Punarvasit),300,Phaltan,Approved
37015,Mirdhe,300,Phaltan,Approved
37016,Mirewadi,300,Phaltan,Approved
37017,Mirewadi (Da),300,Phaltan,Approved
37018,Mirgaon,300,Phaltan,Approved
37019,Mulikwadi,300,Phaltan,Approved
37020,Munjwadi,300,Phaltan,Approved
37021,Murum,300,Phaltan,Approved
37022,Naik Bombawadi,300,Phaltan,Approved
37023,Nandal,300,Phaltan,Approved
37024,Nimbalak,300,Phaltan,Approved
37025,Nimbhore,300,Phaltan,Approved
37026,Nirugudi,300,Phaltan,Approved
37027,Padegaon,300,Phaltan,Approved
37028,Parhar Bu. (Punarv),300,Phaltan,Approved
37029,Parhar Khurd (Punarv),300,Phaltan,Approved
37030,Pawarwadi,300,Phaltan,Approved
37031,Phaltan,300,Phaltan,Approved
37032,Pimpalwadi,300,Phaltan,Approved
37033,Pimparad,300,Phaltan,Approved
37034,Pirachiwadi,300,Phaltan,Approved
37035,Rajale,300,Phaltan,Approved
37036,Rajuri,300,Phaltan,Approved
37037,Ravadi Bk.,300,Phaltan,Approved
37038,Ravadi Kh.,300,Phaltan,Approved
37039,Salpe,300,Phaltan,Approved
37040,Sangavi,300,Phaltan,Approved
37041,Sarade,300,Phaltan,Approved
37042,Saskal,300,Phaltan,Approved
37043,Sastewadi,300,Phaltan,Approved
37044,Saswad,300,Phaltan,Approved
37045,Sathe,300,Phaltan,Approved
37046,Savantwadi,300,Phaltan,Approved
37047,Sherechiwadi (Dhaval),300,Phaltan,Approved
37048,Sherechiwadi (Hin)),300,Phaltan,Approved
37049,Shereshindewadi,300,Phaltan,Approved
37050,Shindemal,300,Phaltan,Approved
37051,Shindenagar,300,Phaltan,Approved
37052,Shindewadi,300,Phaltan,Approved
37053,Somanthali,300,Phaltan,Approved
37054,Songaon,300,Phaltan,Approved
37055,Sonwadi Bk.,300,Phaltan,Approved
37056,Sonwadi Kh.,300,Phaltan,Approved
37057,Survadi,300,Phaltan,Approved
37058,Tadavale,300,Phaltan,Approved
37059,Takalwade,300,Phaltan,Approved
37060,Tambave,300,Phaltan,Approved
37061,Taradgaon,300,Phaltan,Approved
37062,Tardaf,300,Phaltan,Approved
37063,Tathavada,300,Phaltan,Approved
37064,Tavadi,300,Phaltan,Approved
37065,Thakubaichiwadi,300,Phaltan,Approved
37066,Thakurki,300,Phaltan,Approved
37067,Tirakwadi,300,Phaltan,Approved
37068,Ulumb (Punarv),300,Phaltan,Approved
37069,Upalave,300,Phaltan,Approved
37070,Vadale,300,Phaltan,Approved
37071,Vadgaon,300,Phaltan,Approved
37072,Vadjal,300,Phaltan,Approved
37073,Vajegaon Nimbalak,300,Phaltan,Approved
37074,Veloshi,300,Phaltan,Approved
37075,Vidani,300,Phaltan,Approved
37076,Vinchurni,300,Phaltan,Approved
37077,Vitthalwadi,300,Phaltan,Approved
37078,Waghoshi,300,Phaltan,Approved
37079,Wakhari,300,Phaltan,Approved
37080,Wathar (Nimbalkar),300,Phaltan,Approved
37081,Zadakbaichiwadi,300,Phaltan,Approved
37082,Zirapwadi,300,Phaltan,Approved
37083,Agundewadi,301,Satara,Approved
37084,Akale,301,Satara,Approved
37085,Alawadi,301,Satara,Approved
37086,Ambale,301,Satara,Approved
37087,Ambavade Bk,301,Satara,Approved
37088,Ambavade Kh.,301,Satara,Approved
37089,Ambewadi,301,Satara,Approved
37090,Anavale,301,Satara,Approved
37091,Angapur T Targaon,301,Satara,Approved
37092,Angapur Vandan,301,Satara,Approved
37093,Apashinge,301,Satara,Approved
37094,Arale,301,Satara,Approved
37095,Are T.Parali,301,Satara,Approved
37096,Argadwadi,301,Satara,Approved
37097,Arphal,301,Satara,Approved
37098,Asangaon,301,Satara,Approved
37099,Asgaon,301,Satara,Approved
37100,Ashte,301,Satara,Approved
37101,Atali,301,Satara,Approved
37102,Atit,301,Satara,Approved
37103,Banghar,301,Satara,Approved
37104,Basappachiwadi,301,Satara,Approved
37105,Bendwadi,301,Satara,Approved
37106,Bhairavgad,301,Satara,Approved
37107,Bhambavali,301,Satara,Approved
37108,Bharatgaon,301,Satara,Approved
37109,Bharatgaonwadi,301,Satara,Approved
37110,Bhatmarali,301,Satara,Approved
37111,Bhondavade,301,Satara,Approved
37112,Boposhi,301,Satara,Approved
37113,Borgaon,301,Satara,Approved
37114,Borkhal,301,Satara,Approved
37115,Borne,301,Satara,Approved
37116,Bramhanwadi,301,Satara,Approved
37117,Chahur,301,Satara,Approved
37118,Chalkewadi,301,Satara,Approved
37119,Chikhali,301,Satara,Approved
37120,Chinchaner S. Nimb,301,Satara,Approved
37121,Chinchaner Vandan,301,Satara,Approved
37122,Chinchani,301,Satara,Approved
37123,Chorgewadi,301,Satara,Approved
37124,Dabewadi,301,Satara,Approved
37125,Dahivad,301,Satara,Approved
37126,Dare Bk.,301,Satara,Approved
37127,Dare Kh.,301,Satara,Approved
37128,Dare T.Parali,301,Satara,Approved
37129,Degaon,301,Satara,Approved
37130,Deshmukh Nagar,301,Satara,Approved
37131,Dhanavadewadi,301,Satara,Approved
37132,Dhangarwadi,301,Satara,Approved
37133,Dhangarwadi (Nigadi),301,Satara,Approved
37134,Dhavali,301,Satara,Approved
37135,Dhawadshi,301,Satara,Approved
37136,Dhondewadi,301,Satara,Approved
37137,Dhondewadi (Tasgaon),301,Satara,Approved
37138,Dighavale,301,Satara,Approved
37139,Dolegaon,301,Satara,Approved
37140,Fadatarwadi,301,Satara,Approved
37141,Fatyapur,301,Satara,Approved
37142,Gajawadi,301,Satara,Approved
37143,Ganeshwadi,301,Satara,Approved
37144,Gavadi,301,Satara,Approved
37145,Ghatawan,301,Satara,Approved
37146,Godoli,301,Satara,Approved
37147,Gogavalewadi,301,Satara,Approved
37148,Gojegaon,301,Satara,Approved
37149,Gove,301,Satara,Approved
37150,Hamdabaj,301,Satara,Approved
37151,Jadhavwadi (Tasgaon),301,Satara,Approved
37152,Jaitapur,301,Satara,Approved
37153,Jakatwadi,301,Satara,Approved
37154,Jambhe,301,Satara,Approved
37155,Jambhgaon (Punarvasit),301,Satara,Approved
37156,Jawalwadi,301,Satara,Approved
37157,Jihe,301,Satara,Approved
37158,Jotibachiwadi,301,Satara,Approved
37159,Kalambe,301,Satara,Approved
37160,Kaloshi,301,Satara,Approved
37161,Kamathi T.Parali,301,Satara,Approved
37162,Kamathi T.Satara,301,Satara,Approved
37163,Kameri,301,Satara,Approved
37164,Kanher,301,Satara,Approved
37165,Karandi,301,Satara,Approved
37166,Karandwadi,301,Satara,Approved
37167,Karanje T.Parali,301,Satara,Approved
37168,Karanje Tarf Satara,301,Satara,Approved
37169,Karanjoshi,301,Satara,Approved
37170,Kari,301,Satara,Approved
37171,Kasani,301,Satara,Approved
37172,Kasarsthal,301,Satara,Approved
37173,Kashil,301,Satara,Approved
37174,Katavadi Bk,301,Satara,Approved
37175,Katavadi Kh,301,Satara,Approved
37176,Kelavali,301,Satara,Approved
37177,Khadgaon,301,Satara,Approved
37178,Khandobachi Wadi,301,Satara,Approved
37179,Khavali,301,Satara,Approved
37180,Khed,301,Satara,Approved
37181,Khindwadi,301,Satara,Approved
37182,Khodad,301,Satara,Approved
37183,Khojewadi,301,Satara,Approved
37184,Kidgaon,301,Satara,Approved
37185,Kodoli,301,Satara,Approved
37186,Kondave,301,Satara,Approved
37187,Kondvali,301,Satara,Approved
37188,Koparde,301,Satara,Approved
37189,Kshetra Mahuli,301,Satara,Approved
37190,Kudeghar,301,Satara,Approved
37191,Kumathe,301,Satara,Approved
37192,Kurulbaji,301,Satara,Approved
37193,Kurultijai,301,Satara,Approved
37194,Kurun,301,Satara,Approved
37195,Kus Bk.,301,Satara,Approved
37196,Kus Kh.,301,Satara,Approved
37197,Kusavade,301,Satara,Approved
37198,Kushi,301,Satara,Approved
37199,Landewadi,301,Satara,Approved
37200,Lavanghar,301,Satara,Approved
37201,Limb,301,Satara,Approved
37202,Limbachiwadi,301,Satara,Approved
37203,Lumanekhol,301,Satara,Approved
37204,Mahagaon,301,Satara,Approved
37205,Majgaon,301,Satara,Approved
37206,Malgaon,301,Satara,Approved
37207,Malyachi Wadi,301,Satara,Approved
37208,Mandave,301,Satara,Approved
37209,Mardhe,301,Satara,Approved
37210,Mattyapur,301,Satara,Approved
37211,Mhaparwadi,301,Satara,Approved
37212,Mhasave,301,Satara,Approved
37213,Mhaskarwadi,301,Satara,Approved
37214,Morewadi,301,Satara,Approved
37215,Mugdul Bhatachiwadi,301,Satara,Approved
37216,Mulikwadi,301,Satara,Approved
37217,Nagewadi,301,Satara,Approved
37218,Nagthane,301,Satara,Approved
37219,Nagthane 1(Ashte) ( Punarvasit),301,Satara,Approved
37220,Nagthane 2 Jambhalewadi,301,Satara,Approved
37221,Nandgaon,301,Satara,Approved
37222,Navali,301,Satara,Approved
37223,Nele,301,Satara,Approved
37224,Nhalewadi,301,Satara,Approved
37225,Nigadi T.Satara,301,Satara,Approved
37226,Nigadi Vandan,301,Satara,Approved
37227,Nigudamal,301,Satara,Approved
37228,Ninam,301,Satara,Approved
37229,Nisarale,301,Satara,Approved
37230,Nitral,301,Satara,Approved
37231,Nune,301,Satara,Approved
37232,Padali,301,Satara,Approved
37233,Palsavade,301,Satara,Approved
37234,Pangare,301,Satara,Approved
37235,Panmalewadi,301,Satara,Approved
37236,Parali,301,Satara,Approved
37237,Parambewadi,301,Satara,Approved
37238,Parmale,301,Satara,Approved
37239,Pateghar,301,Satara,Approved
37240,Patkhal,301,Satara,Approved
37241,Pavangaon,301,Satara,Approved
37242,Petri,301,Satara,Approved
37243,Pilani,301,Satara,Approved
37244,Pilaniwadi,301,Satara,Approved
37245,Pimpalwadi,301,Satara,Approved
37246,Pirwadi,301,Satara,Approved
37247,Pogarwadi,301,Satara,Approved
37248,Punavadi,301,Satara,Approved
37249,Raighar,301,Satara,Approved
37250,Rajapuri,301,Satara,Approved
37251,Rakusalewadi,301,Satara,Approved
37252,Ramkrushna Nagar,301,Satara,Approved
37253,Renavale,301,Satara,Approved
37254,Revali,301,Satara,Approved
37255,Revande,301,Satara,Approved
37256,Rohot,301,Satara,Approved
37257,Sabalewadi,301,Satara,Approved
37258,Saidapur,301,Satara,Approved
37259,Salwan,301,Satara,Approved
37260,Samarthgaon,301,Satara,Approved
37261,Samarthnagar,301,Satara,Approved
37262,Sambarwadi,301,Satara,Approved
37263,Sambhaji Nagar,301,Satara,Approved
37264,Sandavali,301,Satara,Approved
37265,Sarkhal,301,Satara,Approved
37266,Saspade,301,Satara,Approved
37267,Satara,301,Satara,Approved
37268,Savali,301,Satara,Approved
37269,Sayali,301,Satara,Approved
37270,Sayali (Punarwasit),301,Satara,Approved
37271,Shahapur,301,Satara,Approved
37272,Shelkewadi,301,Satara,Approved
37273,Shendre,301,Satara,Approved
37274,Sherewadi,301,Satara,Approved
37275,Shindewadi,301,Satara,Approved
37276,Shivthar,301,Satara,Approved
37277,Sonapur,301,Satara,Approved
37278,Sonavadi,301,Satara,Approved
37279,Sonegaon T Satara,301,Satara,Approved
37280,Songaon S.Nimb,301,Satara,Approved
37281,Takawali,301,Satara,Approved
37282,Tasgaon,301,Satara,Approved
37283,Thoseghar,301,Satara,Approved
37284,Titavewadi,301,Satara,Approved
37285,Tukaiwadi,301,Satara,Approved
37286,Upali,301,Satara,Approved
37287,Vaduth,301,Satara,Approved
37288,Valase,301,Satara,Approved
37289,Vangal,301,Satara,Approved
37290,Vanvaswadi,301,Satara,Approved
37291,Varne,301,Satara,Approved
37292,Varye,301,Satara,Approved
37293,Vechale,301,Satara,Approved
37294,Vele,301,Satara,Approved
37295,Venegaon,301,Satara,Approved
37296,Venekhol,301,Satara,Approved
37297,Vijay Nagar,301,Satara,Approved
37298,Wadgaon,301,Satara,Approved
37299,Wadhe,301,Satara,Approved
37300,Wasole,301,Satara,Approved
37301,Wavadare,301,Satara,Approved
37302,Yavateshwar,301,Satara,Approved
37303,Zarewadi,301,Satara,Approved
61662,sata,301,Satara,Unapproved
37304,Abhepuri,302,Wai,Approved
37305,Akoshi,302,Wai,Approved
37306,Ambedarawadi,302,Wai,Approved
37307,Amrutwadi,302,Wai,Approved
37308,Anavadi,302,Wai,Approved
37309,Anpatwadi,302,Wai,Approved
37310,Asagaon,302,Wai,Approved
37311,Asale,302,Wai,Approved
37312,Asare,302,Wai,Approved
37313,Balakavadi,302,Wai,Approved
37314,Baleghar,302,Wai,Approved
37315,Bavdhan,302,Wai,Approved
37316,Belamachi,302,Wai,Approved
37317,Bhivadi,302,Wai,Approved
37318,Bhivadi Punarvasit,302,Wai,Approved
37319,Bhogaon,302,Wai,Approved
37320,Bhuinj,302,Wai,Approved
37321,Bopardi,302,Wai,Approved
37322,Bopegaon,302,Wai,Approved
37323,Borgaon Bk.,302,Wai,Approved
37324,Borgaon Kh.,302,Wai,Approved
37325,Boriv,302,Wai,Approved
37326,Chandak,302,Wai,Approved
37327,Chandvadi,302,Wai,Approved
37328,Chikhali,302,Wai,Approved
37329,Chindhawali,302,Wai,Approved
37330,Dahyat,302,Wai,Approved
37331,Darewadi,302,Wai,Approved
37332,Dasvadi,302,Wai,Approved
37333,Degaon,302,Wai,Approved
37334,Dhavadi,302,Wai,Approved
37335,Dhavali,302,Wai,Approved
37336,Dhom,302,Wai,Approved
37337,Duichivadi,302,Wai,Approved
37338,Ekasar,302,Wai,Approved
37339,Gadhavewadi,302,Wai,Approved
37340,Gherakelanja,302,Wai,Approved
37341,Golegaon,302,Wai,Approved
37342,Golewadi,302,Wai,Approved
37343,Gove,302,Wai,Approved
37344,Govedigar,302,Wai,Approved
37345,Gulumb,302,Wai,Approved
37346,Gundewadi,302,Wai,Approved
37347,Jamb,302,Wai,Approved
37348,Jambhali,302,Wai,Approved
37349,Jambhulane,302,Wai,Approved
37350,Jor,302,Wai,Approved
37351,Kadegaon,302,Wai,Approved
37352,Kalambhe,302,Wai,Approved
37353,Kalangwadi,302,Wai,Approved
37354,Kanur,302,Wai,Approved
37355,Kawathe,302,Wai,Approved
37356,Kenjal,302,Wai,Approved
37357,Khadaki,302,Wai,Approved
37358,Khalachi Belmachi,302,Wai,Approved
37359,Khanapur,302,Wai,Approved
37360,Khavali,302,Wai,Approved
37361,Kholvadi,302,Wai,Approved
37362,Kikali,302,Wai,Approved
37363,Kironde,302,Wai,Approved
37364,Kochalewadi,302,Wai,Approved
37365,Kondhavale,302,Wai,Approved
37366,Kondhavali Bk,302,Wai,Approved
37367,Kondhavali Kh,302,Wai,Approved
37368,Kusgaon,302,Wai,Approved
37369,Logadwadi,302,Wai,Approved
37370,Lohare,302,Wai,Approved
37371,Malatpur,302,Wai,Approved
37372,Malusurewadi,302,Wai,Approved
37373,Mandhardeo,302,Wai,Approved
37374,Maparwadi Wakanvadi,302,Wai,Approved
37375,Menavali,302,Wai,Approved
37376,Mohodekarwadi,302,Wai,Approved
37377,Mugaon,302,Wai,Approved
37378,Mungasewadi,302,Wai,Approved
37379,Nagewadi,302,Wai,Approved
37380,Nandgane,302,Wai,Approved
37381,Nhalewadi,302,Wai,Approved
37382,Nikamwadi,302,Wai,Approved
37383,Oholi,302,Wai,Approved
37384,Ozarde,302,Wai,Approved
37385,Pachputewadi,302,Wai,Approved
37386,Panas,302,Wai,Approved
37387,Panchwad,302,Wai,Approved
37388,Pande,302,Wai,Approved
37389,Pandewadi,302,Wai,Approved
37390,Pandharechiwadi,302,Wai,Approved
37391,Paratavadi,302,Wai,Approved
37392,Parkhandi,302,Wai,Approved
37393,Pasarni,302,Wai,Approved
37394,Pirachiwadi,302,Wai,Approved
37395,Punarvasit Dhom,302,Wai,Approved
37396,Rautwadi,302,Wai,Approved
37397,Renawale,302,Wai,Approved
37398,Satalewadi,302,Wai,Approved
37399,Shelarwadi,302,Wai,Approved
37400,Shendurjane,302,Wai,Approved
37401,Shirgaon,302,Wai,Approved
37402,Sidhdanathwadi,302,Wai,Approved
37403,Songirwadi,302,Wai,Approved
37404,Sultanpur,302,Wai,Approved
37405,Surur,302,Wai,Approved
37406,Udatare,302,Wai,Approved
37407,Ulumb,302,Wai,Approved
37408,Vadoli,302,Wai,Approved
37409,Vahagaon,302,Wai,Approved
37410,Vaigaon,302,Wai,Approved
37411,Varkhadwadi,302,Wai,Approved
37412,Vasole,302,Wai,Approved
37413,Velang,302,Wai,Approved
37414,Vele,302,Wai,Approved
37415,Virmade,302,Wai,Approved
37416,Vithalwadi,302,Wai,Approved
37417,Vyahali,302,Wai,Approved
37418,Vyahali Punervasan,302,Wai,Approved
37419,Vyajawadi,302,Wai,Approved
37420,Wadachiwadi,302,Wai,Approved
37421,Wadkarwadi,302,Wai,Approved
37422,Wai,302,Wai,Approved
37423,Wai (Rural),302,Wai,Approved
37424,Washivali,302,Wai,Approved
37425,Yeruli,302,Wai,Approved
37426,Aadbandar,303,Devgad,Approved
37427,Aare,303,Devgad,Approved
37428,Bagamala,303,Devgad,Approved
37429,Bagatalavade,303,Devgad,Approved
37430,Bandegaon,303,Devgad,Approved
37431,Baparde,303,Devgad,Approved
37432,Burambavade,303,Devgad,Approved
37433,Chafed,303,Devgad,Approved
37434,Chandoshi,303,Devgad,Approved
37435,Chinchwad,303,Devgad,Approved
37436,Dabhole,303,Devgad,Approved
37437,Dahibaon,303,Devgad,Approved
37438,Devgad,303,Devgad,Approved
37439,Devgad-Jamsande,303,Devgad,Approved
37440,Dhalavali,303,Devgad,Approved
37441,Dhoptewadi,303,Devgad,Approved
37442,Elaye,303,Devgad,Approved
37443,Gadhitamhane,303,Devgad,Approved
37444,Gavane,303,Devgad,Approved
37445,Girye,303,Devgad,Approved
37446,Goval,303,Devgad,Approved
37447,Hadpid,303,Devgad,Approved
37448,Hindale,303,Devgad,Approved
37449,Hurshi,303,Devgad,Approved
37450,Jamsande,303,Devgad,Approved
37451,Juveshwar,303,Devgad,Approved
37452,Kalambai,303,Devgad,Approved
37453,Kalvi,303,Devgad,Approved
37454,Kasaba Waghotan,303,Devgad,Approved
37455,Katvan,303,Devgad,Approved
37456,Katwaneshwar,303,Devgad,Approved
37457,Khudi,303,Devgad,Approved
37458,Kinjawade,303,Devgad,Approved
37459,Korle,303,Devgad,Approved
37460,Kotkamte,303,Devgad,Approved
37461,Kunkawan,303,Devgad,Approved
37462,Kunkeshwar,303,Devgad,Approved
37463,Kuvale,303,Devgad,Approved
37464,Lingdal,303,Devgad,Approved
37465,Mahalunge,303,Devgad,Approved
37466,Malegaon,303,Devgad,Approved
37467,Malpewadi,303,Devgad,Approved
37468,Manche,303,Devgad,Approved
37469,Mithbaon,303,Devgad,Approved
37470,Mithmumbari,303,Devgad,Approved
37471,Mohulgaon,303,Devgad,Approved
37472,Mond,303,Devgad,Approved
37473,Mondpar,303,Devgad,Approved
37474,Morve,303,Devgad,Approved
37475,Mouje Waghotan,303,Devgad,Approved
37476,Munage,303,Devgad,Approved
37477,Mutat,303,Devgad,Approved
37478,Nad,303,Devgad,Approved
37479,Nadan,303,Devgad,Approved
37480,Naringre,303,Devgad,Approved
37481,Nimatwadi,303,Devgad,Approved
37482,Ombal,303,Devgad,Approved
37483,Padel,303,Devgad,Approved
37484,Padvane,303,Devgad,Approved
37485,Palekarwadi,303,Devgad,Approved
37486,Patgaon,303,Devgad,Approved
37487,Patthar,303,Devgad,Approved
37488,Pavnai,303,Devgad,Approved
37489,Pendhari,303,Devgad,Approved
37490,Phanase,303,Devgad,Approved
37491,Phanasgaon,303,Devgad,Approved
37492,Pombhurle,303,Devgad,Approved
37493,Poyare,303,Devgad,Approved
37494,Pural,303,Devgad,Approved
37495,Rahateshwar,303,Devgad,Approved
37496,Rameshwar,303,Devgad,Approved
37497,Rembavali,303,Devgad,Approved
37498,Salashi,303,Devgad,Approved
37499,Sandve,303,Devgad,Approved
37500,Saundale,303,Devgad,Approved
37501,Sherighera Kamte,303,Devgad,Approved
37502,Shevare,303,Devgad,Approved
37503,Shiravali,303,Devgad,Approved
37504,Shirgaon,303,Devgad,Approved
37505,Somlewadi,303,Devgad,Approved
37506,Talavade,303,Devgad,Approved
37507,Talebajar,303,Devgad,Approved
37508,Tambaldeg,303,Devgad,Approved
37509,Tembavali,303,Devgad,Approved
37510,Thakurwadi,303,Devgad,Approved
37511,Tirlot,303,Devgad,Approved
37512,Torsole,303,Devgad,Approved
37513,Undil,303,Devgad,Approved
37514,Valivande,303,Devgad,Approved
37515,Vijaydurg,303,Devgad,Approved
37516,Virwadi,303,Devgad,Approved
37517,Vitthaladevi,303,Devgad,Approved
37518,Wada,303,Devgad,Approved
37519,Wadaker Poi,303,Devgad,Approved
37520,Wadatar,303,Devgad,Approved
37521,Waghivare,303,Devgad,Approved
37522,Wanivade,303,Devgad,Approved
37523,Wareri,303,Devgad,Approved
37524,Welgive,303,Devgad,Approved
61551,talebzar ,303,Devgad,Unapproved
37525,Adali,304,Dodamarg,Approved
37526,Ambadgaon,304,Dodamarg,Approved
37527,Ambeli,304,Dodamarg,Approved
37528,Awade,304,Dodamarg,Approved
37529,Ayee,304,Dodamarg,Approved
37530,Aynode,304,Dodamarg,Approved
37531,Bambarde,304,Dodamarg,Approved
37532,Bhekurli,304,Dodamarg,Approved
37533,Bhikekonal,304,Dodamarg,Approved
37534,Bodade,304,Dodamarg,Approved
37535,Bodan,304,Dodamarg,Approved
37536,Ghatiwade,304,Dodamarg,Approved
37537,Ghotage,304,Dodamarg,Approved
37538,Ghotagewadi,304,Dodamarg,Approved
37539,Girode,304,Dodamarg,Approved
37540,Hewale,304,Dodamarg,Approved
37541,Kalane,304,Dodamarg,Approved
37542,Kasai,304,Dodamarg,Approved
37543,Kasai Dodamarg,304,Dodamarg,Approved
37544,Kendre Bk.,304,Dodamarg,Approved
37545,Kendre Kh.,304,Dodamarg,Approved
37546,Ker,304,Dodamarg,Approved
37547,Khadpade,304,Dodamarg,Approved
37548,Khanyale,304,Dodamarg,Approved
37549,Khokral,304,Dodamarg,Approved
37550,Kolzar,304,Dodamarg,Approved
37551,Konal,304,Dodamarg,Approved
37552,Kudase,304,Dodamarg,Approved
37553,Kudase Kh.,304,Dodamarg,Approved
37554,Kumbhavade,304,Dodamarg,Approved
37555,Kumbral,304,Dodamarg,Approved
37556,Maneri,304,Dodamarg,Approved
37557,Mangeli,304,Dodamarg,Approved
37558,Matane,304,Dodamarg,Approved
37559,Morgaon,304,Dodamarg,Approved
37560,Morle,304,Dodamarg,Approved
37561,Pal,304,Dodamarg,Approved
37562,Palye,304,Dodamarg,Approved
37563,Panturli,304,Dodamarg,Approved
37564,Parme,304,Dodamarg,Approved
37565,Patye,304,Dodamarg,Approved
37566,Phondye,304,Dodamarg,Approved
37567,Phukeri,304,Dodamarg,Approved
37568,Pikule,304,Dodamarg,Approved
37569,Sargave,304,Dodamarg,Approved
37570,Sasoli Kh.,304,Dodamarg,Approved
37571,Sateli,304,Dodamarg,Approved
37572,Sateli Bhedshi,304,Dodamarg,Approved
37573,Shirange,304,Dodamarg,Approved
37574,Shirwal,304,Dodamarg,Approved
37575,Sonawal,304,Dodamarg,Approved
37576,Talekhol,304,Dodamarg,Approved
37577,Talkat,304,Dodamarg,Approved
37578,Terwan,304,Dodamarg,Approved
37579,Terwanmedhe,304,Dodamarg,Approved
37580,Ugade,304,Dodamarg,Approved
37581,Usap,304,Dodamarg,Approved
37582,Vazare,304,Dodamarg,Approved
37583,Virdi,304,Dodamarg,Approved
37584,Zare,304,Dodamarg,Approved
37585,Zare - 1,304,Dodamarg,Approved
37586,Zare-2,304,Dodamarg,Approved
37587,Zolambe,304,Dodamarg,Approved
37588,Anandnagar,305,Kankavli,Approved
37589,Asalade,305,Kankavli,Approved
37590,Ashiye,305,Kankavli,Approved
37591,Audumbarnagar,305,Kankavli,Approved
37592,Avaleshwar,305,Kankavli,Approved
37593,Aynal,305,Kankavli,Approved
37594,Bandargaon,305,Kankavli,Approved
37595,Bavshi,305,Kankavli,Approved
37596,Belne Khurd,305,Kankavli,Approved
37597,Berle,305,Kankavli,Approved
37598,Bhairavgaon,305,Kankavli,Approved
37599,Bharni,305,Kankavli,Approved
37600,Bhiravande,305,Kankavli,Approved
37601,Bidwadi,305,Kankavli,Approved
37602,Bordave,305,Kankavli,Approved
37603,Bramhanagari Phonda,305,Kankavli,Approved
37604,Chinchwali,305,Kankavli,Approved
37605,Dabgaon,305,Kankavli,Approved
37606,Damare,305,Kankavli,Approved
37607,Dariste,305,Kankavli,Approved
37608,Darum,305,Kankavli,Approved
37609,Dhareshwar,305,Kankavli,Approved
37610,Digavale,305,Kankavli,Approved
37611,Gandhinagar,305,Kankavli,Approved
37612,Gangeshwar,305,Kankavli,Approved
37613,Ghonsari,305,Kankavli,Approved
37614,Halwal,305,Kankavli,Approved
37615,Harkul Budruk,305,Kankavli,Approved
37616,Harkul Khurd,305,Kankavli,Approved
37617,Humbarane,305,Kankavli,Approved
37618,Humbrath,305,Kankavli,Approved
37619,Jambhalgaon (Nardave Najik),305,Kankavli,Approved
37620,Jambhulgaon,305,Kankavli,Approved
37621,Janavali,305,Kankavli,Approved
37622,Kajirde,305,Kankavli,Approved
37623,Kalmath,305,Kankavli,Approved
37624,Kalsuli,305,Kankavli,Approved
37625,Kankavli,305,Kankavli,Approved
37626,Karanje,305,Kankavli,Approved
37627,Karul,305,Kankavli,Approved
37628,Kasarde,305,Kankavli,Approved
37629,Kasavan,305,Kankavli,Approved
37630,Kasral,305,Kankavli,Approved
37631,Kharepatan,305,Kankavli,Approved
37632,Koloshi,305,Kankavli,Approved
37633,Kondye,305,Kankavli,Approved
37634,Kumbhavade,305,Kankavli,Approved
37635,Kurangavne,305,Kankavli,Approved
37636,Lingeshwar,305,Kankavli,Approved
37637,Lingeshwar Nagar,305,Kankavli,Approved
37638,Lore,305,Kankavli,Approved
37639,Main,305,Kankavli,Approved
37640,Mathkurd,305,Kankavli,Approved
37641,Nadgive,305,Kankavli,Approved
37642,Nagave,305,Kankavli,Approved
37643,Nagsawantwadi,305,Kankavli,Approved
37644,Nandgaon,305,Kankavli,Approved
37645,Nardave,305,Kankavli,Approved
37646,Natal,305,Kankavli,Approved
37647,Navanagar,305,Kankavli,Approved
37648,Navin Kurli (Lore),305,Kankavli,Approved
37649,Navin Kurli (Phonda),305,Kankavli,Approved
37650,Nehru Nagar,305,Kankavli,Approved
37651,Osargaon,305,Kankavli,Approved
37652,Otav,305,Kankavli,Approved
37653,Ozaram,305,Kankavli,Approved
37654,Phanasnagar,305,Kankavli,Approved
37655,Phondaghat,305,Kankavli,Approved
37656,Pimpaleshwar Nagar,305,Kankavli,Approved
37657,Pimpalgaon,305,Kankavli,Approved
37658,Pisekamate,305,Kankavli,Approved
37659,Piyali,305,Kankavli,Approved
37660,Rajnagar,305,Kankavli,Approved
37661,Rameshwarnagar,305,Kankavli,Approved
37662,Ranjangaon,305,Kankavli,Approved
37663,Sakedi,305,Kankavli,Approved
37664,Saliste,305,Kankavli,Approved
37665,Sambhajinagar,305,Kankavli,Approved
37666,Sambhajinagar (Kharepatan Najik),305,Kankavli,Approved
37667,Sangave,305,Kankavli,Approved
37668,Satral,305,Kankavli,Approved
37669,Savdav,305,Kankavli,Approved
37670,Shastrinagar,305,Kankavli,Approved
37671,Sherpe,305,Kankavli,Approved
37672,Shidavne,305,Kankavli,Approved
37673,Shiraval,305,Kankavli,Approved
37674,Shivajinagar,305,Kankavli,Approved
37675,Shivajipeth,305,Kankavli,Approved
37676,Shivdav,305,Kankavli,Approved
37677,Shrinagar,305,Kankavli,Approved
37678,Subhash Nagar,305,Kankavli,Approved
37679,Talavade,305,Kankavli,Approved
37680,Talere,305,Kankavli,Approved
37681,Tarandale,305,Kankavli,Approved
37682,Tiware,305,Kankavli,Approved
37683,Tondavali,305,Kankavli,Approved
37684,Ulhasnagar,305,Kankavli,Approved
37685,Upanagar,305,Kankavli,Approved
37686,Uttamnagar,305,Kankavli,Approved
37687,Uttar Dakshin Gavthan,305,Kankavli,Approved
37688,Varavade,305,Kankavli,Approved
37689,Vayangani,305,Kankavli,Approved
37690,Wagade,305,Kankavli,Approved
37691,Wagheri,305,Kankavli,Approved
37692,Wargaon,305,Kankavli,Approved
37693,Yevteshwargaon,305,Kankavli,Approved
37694,Akeri,306,Kudal,Approved
37695,Ambadpal,306,Kudal,Approved
37696,Amberi,306,Kudal,Approved
37697,Ambrad,306,Kudal,Approved
37698,Anav,306,Kudal,Approved
37699,Andurle,306,Kudal,Approved
37700,Anjivade,306,Kudal,Approved
37701,Avalegaon,306,Kudal,Approved
37702,Bambarde Tarf Kalsuli,306,Kudal,Approved
37703,Bambarde Tarf Mangaon,306,Kudal,Approved
37704,Bambuli,306,Kudal,Approved
37705,Bav,306,Kudal,Approved
37706,Belnadi,306,Kudal,Approved
37707,Bengaon,306,Kudal,Approved
37708,Bhadgaon Bk.,306,Kudal,Approved
37709,Bhadgaon Kh.,306,Kudal,Approved
37710,Bharani,306,Kudal,Approved
37711,Bhattgaon,306,Kudal,Approved
37712,Bhutvad,306,Kudal,Approved
37713,Bibavane,306,Kudal,Approved
37714,Borbhat,306,Kudal,Approved
37715,Chafeli,306,Kudal,Approved
37716,Chendawan,306,Kudal,Approved
37717,Deulwadi,306,Kudal,Approved
37718,Dholkarwadi,306,Kudal,Approved
37719,Digas,306,Kudal,Approved
37720,Durganagar,306,Kudal,Approved
37721,Gandhigram,306,Kudal,Approved
37722,Gandhinagar,306,Kudal,Approved
37723,Gaondhad,306,Kudal,Approved
37724,Gavalgaon,306,Kudal,Approved
37725,Gavrai,306,Kudal,Approved
37726,Ghadigaon,306,Kudal,Approved
37727,Ghatakarnagar,306,Kudal,Approved
37728,Ghavanale,306,Kudal,Approved
37729,Ghotage,306,Kudal,Approved
37730,Girgaon,306,Kudal,Approved
37731,Gondhalpur,306,Kudal,Approved
37732,Gondhayale,306,Kudal,Approved
37733,Gothos,306,Kudal,Approved
37734,Goveri,306,Kudal,Approved
37735,Gudhipur,306,Kudal,Approved
37736,Hirlok,306,Kudal,Approved
37737,Humarmala,306,Kudal,Approved
37738,Humras,306,Kudal,Approved
37739,Jambharmala,306,Kudal,Approved
37740,Jambhavade,306,Kudal,Approved
37741,Kadawal,306,Kudal,Approved
37742,Kaleli,306,Kudal,Approved
37743,Kandargaon,306,Kudal,Approved
37744,Kanduli,306,Kudal,Approved
37745,Karivane,306,Kudal,Approved
37746,Kasal,306,Kudal,Approved
37747,Kattagaon,306,Kudal,Approved
37748,Kavathi,306,Kudal,Approved
37749,Kavilgaon,306,Kudal,Approved
37750,Kavilkate,306,Kudal,Approved
37751,Keravade Karyad Narur,306,Kudal,Approved
37752,Keravade Tarf Mangaon,306,Kudal,Approved
37753,Khocharewadi,306,Kudal,Approved
37754,Khutvalwadi,306,Kudal,Approved
37755,Kinlos,306,Kudal,Approved
37756,Kudal,306,Kudal,Approved
37757,Kunde,306,Kudal,Approved
37758,Kupavade,306,Kudal,Approved
37759,Kusabe,306,Kudal,Approved
37760,Kusagaon,306,Kudal,Approved
37761,Kutgaon,306,Kudal,Approved
37762,Madgaon,306,Kudal,Approved
37763,Mandkuli,306,Kudal,Approved
37764,Mangaon,306,Kudal,Approved
37765,Mankadevi,306,Kudal,Approved
37766,Mitkyachiwadi,306,Kudal,Approved
37767,More,306,Kudal,Approved
37768,Mudyacha Kond,306,Kudal,Approved
37769,Mulade,306,Kudal,Approved
37770,Munagi,306,Kudal,Approved
37771,Naiknagar,306,Kudal,Approved
37772,Naikwadi,306,Kudal,Approved
37773,Namasgaon,306,Kudal,Approved
37774,Namaspur,306,Kudal,Approved
37775,Naneli,306,Kudal,Approved
37776,Narur Karyad Narur,306,Kudal,Approved
37777,Neharunagar,306,Kudal,Approved
37778,Nerur Karyad Narur,306,Kudal,Approved
37779,Nerur Tarf Haveli,306,Kudal,Approved
37780,Nileli,306,Kudal,Approved
37781,Nirukhe,306,Kudal,Approved
37782,Nivaje,306,Kudal,Approved
37783,Oras Bk.,306,Kudal,Approved
37784,Oras Kh.,306,Kudal,Approved
37785,Padave,306,Kudal,Approved
37786,Pandur,306,Kudal,Approved
37787,Pangrad,306,Kudal,Approved
37788,Pat,306,Kudal,Approved
37789,Pawashi,306,Kudal,Approved
37790,Pinguli,306,Kudal,Approved
37791,Pokharan,306,Kudal,Approved
37792,Pulas,306,Kudal,Approved
37793,Ranbambuli,306,Kudal,Approved
37794,Raygaon,306,Kudal,Approved
37795,Rumadgaon,306,Kudal,Approved
37796,Saigaon,306,Kudal,Approved
37797,Sakirde,306,Kudal,Approved
37798,Salgaon,306,Kudal,Approved
37799,Sangirde,306,Kudal,Approved
37800,Sarambal,306,Kudal,Approved
37801,Shivapur,306,Kudal,Approved
37802,Sonavade Tarf Haveli,306,Kudal,Approved
37803,Sonavade Tarf Kalsuli,306,Kudal,Approved
37804,Talegaon,306,Kudal,Approved
37805,Taligaon,306,Kudal,Approved
37806,Tembdhurinagar,306,Kudal,Approved
37807,Tembgaon,306,Kudal,Approved
37808,Tendoli,306,Kudal,Approved
37809,Tulsuli Karyad Narur,306,Kudal,Approved
37810,Tulsuli Tarf Mangaon,306,Kudal,Approved
37811,Upavade,306,Kudal,Approved
37812,Vadihumarmala,306,Kudal,Approved
37813,Wadivarvade,306,Kudal,Approved
37814,Wados,306,Kudal,Approved
37815,Walawal,306,Kudal,Approved
37816,Warde,306,Kudal,Approved
37817,Wasoli,306,Kudal,Approved
37818,Zarap,306,Kudal,Approved
37819,Aambdos,307,Malwan,Approved
37820,Achare,307,Malwan,Approved
37821,Advali,307,Malwan,Approved
37822,Amavane,307,Malwan,Approved
37823,Amberi,307,Malwan,Approved
37824,Anandvhal,307,Malwan,Approved
37825,Anganewadi,307,Malwan,Approved
37826,Aparadhwadi,307,Malwan,Approved
37827,Asagani,307,Malwan,Approved
37828,Asarondi,307,Malwan,Approved
37829,Bagadwadi,307,Malwan,Approved
37830,Bagavewadi,307,Malwan,Approved
37831,Bagwadi,307,Malwan,Approved
37832,Bandiwade Bk.,307,Malwan,Approved
37833,Bandiwade Kh.,307,Malwan,Approved
37834,Belachiwadi,307,Malwan,Approved
37835,Bele Budruk,307,Malwan,Approved
37836,Bhagawantgad,307,Malwan,Approved
37837,Bhandarwada,307,Malwan,Approved
37838,Bhatwadi (Chindar),307,Malwan,Approved
37839,Bhatwadi (Shrawan),307,Malwan,Approved
37840,Bhogalewadi,307,Malwan,Approved
37841,Bilvas,307,Malwan,Approved
37842,Budhavale,307,Malwan,Approved
37843,Chafekhol,307,Malwan,Approved
37844,Chander,307,Malwan,Approved
37845,Chauke,307,Malwan,Approved
37846,Chindar,307,Malwan,Approved
37847,Chunavare,307,Malwan,Approved
37848,Dangmode,307,Malwan,Approved
37849,Deulwada,307,Malwan,Approved
37850,Devbag,307,Malwan,Approved
37851,Devli,307,Malwan,Approved
37852,Dhamapur,307,Malwan,Approved
37853,Dikval,307,Malwan,Approved
37854,Dongrewadi,307,Malwan,Approved
37855,Gaonkarwada,307,Malwan,Approved
37856,Gaudwadi,307,Malwan,Approved
37857,Gavaliwadi,307,Malwan,Approved
37858,Gavathan,307,Malwan,Approved
37859,Gavathanwadi,307,Malwan,Approved
37860,Ghadiwadi,307,Malwan,Approved
37861,Ghumade,307,Malwan,Approved
37862,Golwan,307,Malwan,Approved
